"","X","SCE_Cab","SCE_Cw","SCE_LAI","SCE_Cm","SCE_Car","ann_neon_Cab","ann_neon_Car","ann_neon_Cw","ann_neon_Cm","ann_neon_LAI","B02","B03","B04","B05","B06","B07","B8A","B11","B12","ARVI","BIOM","CHM","EVI","fPAR","LAI","MSI","NDII","NDLI","NDNI","NDVI","NDWI","NDMI","PRI","SAVI","WBI","coords.x1","coords.x2","ESA_LAI","LAI_flag","ESA_LAI_cab","ESA_LAI_cab_flag","ESA_LAI_car","ESA_LAI_car_flag","ESA_fapar","ESA_fapar_flag","ESA_fcover","ESA_fcover_flag","ann2_Cab","ann2_Car","ann2_Cw","ann2_Cm","ann2_LAI"
"1",1,31.5813289375617,0.0299998996349015,0.767525639219677,0.0299999219522483,49.9991449713579,-3.44547847385346,20.2979000507188,0.00226852613455212,0.00763448176618927,1.9536660775999,0.0484,0.0849,0.0706,0.1473,0.2826,0.3107,0.3384,0.2829,0.1645,0.572881698608398,20.2306690216064,0,0.455558657646179,0.373495012521744,1.23718667030334,0.822805166244507,0.0480684079229832,0.0432427264750004,0.153272479772568,0.689153492450714,-0.066803552210331,0.400301843881607,-0.0680828914046288,0.447782814502716,0.995861053466797,628450,3693970,0.918431758880615,0,45.2006912231445,0,0.0174138844013214,0,0.454485267400742,0,0.45651587843895,0,16.7435328015153,-2.78838001987942,0.0140405543567182,-0.0069240628137085,2.21507728122234
"2",2,33.2216153424673,0.0299999992122693,0.733754840189816,0.0299906773237287,49.939423901854,-4.27811716117628,21.1375218548448,-6.65831009375728e-05,0.00787833718175703,1.82630302624846,0.0485,0.0828,0.0709,0.1437,0.2757,0.3034,0.3361,0.2888,0.1674,0.555448353290558,19.8002624511719,0,0.438657492399216,0.358224987983704,1.16929543018341,0.885841012001038,0.011119888164103,0.0441916026175022,0.151786491274834,0.674544274806976,-0.0851364284753799,0.366675287485123,-0.0675552859902382,0.432603091001511,0.989438652992249,628370,3693770,0.909863173961639,0,45.9621353149414,0,0.0165416412055492,0,0.446418464183807,0,0.445186495780945,0,18.3574827103949,-3.7422343852759,0.0108430588399531,-0.0051996135600439,2.21227587401464
"3",3,31.9390868526863,0.0299999976634557,1.03812583872846,0.0100000131219507,13.082743517973,3.36363751751176,16.5026754936048,0.0131923679157092,0.00663274595492635,2.57814261671672,0.0384,0.0803,0.051,0.1324,0.3,0.3438,0.3682,0.2317,0.1222,0.697972178459167,22.9885997772217,0,0.560763657093048,0.465315014123917,1.68934655189514,0.584907531738281,0.205604806542397,0.0524400286376476,0.170873284339905,0.78357344865799,-0.00178643618710339,0.478568196296692,-0.0645479932427406,0.535801529884338,1.04336941242218,629090,3691870,1.47853815555573,0,68.9480819702148,0,0.0310519076883793,0,0.58763200044632,0,0.61262321472168,0,13.5191467817813,4.48436501934559,0.0275431313912039,-0.0112873256580473,2.34962161861406
"4",6,31.8422093269341,0.0299999999402233,0.83694573358044,0.0299844052684355,10.9497283265379,-1.89970147831751,18.8526972768768,0.00751136750562365,0.00698814538375048,2.18111386476884,0.0478,0.0817,0.0654,0.1376,0.2613,0.2918,0.3209,0.2494,0.1415,0.556920349597931,19.8901252746582,0,0.430483490228653,0.35003000497818,1.15167260169983,0.826183497905731,0.0453819707036018,0.0468173325061798,0.157667309045792,0.6772141456604,-0.0681473687291145,0.39101454615593,-0.0702881142497063,0.426955491304398,1.01050388813019,627150,3694930,1.04146182537079,0,48.1238822937012,0,0.0229594074189663,0,0.470394879579544,0,0.469464659690857,0,14.3936287670032,1.96564128257121,0.0262503229479807,-0.0124595434524309,2.23981192421344
"5",7,30.9814034291422,0.0299999999634003,0.995436493534361,0.0100000021845975,12.739779355829,2.62089293929045,19.003119560703,0.0132228533450896,0.0065746528615011,2.56798198882363,0.0386,0.0789,0.0532,0.134,0.2943,0.3298,0.3617,0.2331,0.1241,0.67158043384552,22.475944519043,0,0.529351353645325,0.438905000686646,1.55510127544403,0.621204614639282,0.177621215581894,0.051131758838892,0.166818246245384,0.766168892383575,-0.01640859618783,0.467775166034698,-0.0670449212193489,0.512129247188568,1.03655660152435,629090,3691850,1.40684521198273,0,64.2228927612305,0,0.0299480445683002,0,0.569289982318878,0,0.591953992843628,0,14.1980583680645,4.25857472866376,0.0292174397015198,-0.0124773232416241,2.31753972695465
"6",8,34.8878147209345,0.0299999877324071,0.929898547405536,0.0299999708192435,24.3631169374266,1.08822517166895,17.2754774374854,0.0101669801253356,0.00683526254577607,2.36947347736088,0.0428,0.0799,0.0593,0.1327,0.2772,0.3085,0.3362,0.2436,0.1349,0.597065031528473,20.6990852355957,0,0.472499281167984,0.385252505540848,1.29338848590851,0.754918694496155,0.0854679718613625,0.048615850508213,0.160793676972389,0.704666435718536,-0.0471086949110031,0.415527582168579,-0.0635044798254967,0.460292190313339,1.02198159694672,627030,3694850,1.18724405765533,0,55.6750106811523,0,0.0251792389899492,0,0.512885868549347,0,0.521278917789459,0,16.0711468764981,1.93477187469265,0.0261708908961942,-0.0117724531160836,2.27932946772524
"7",9,32.6973475077322,0.029999999060232,0.887963565443861,0.029999980850843,11.5017766156785,-0.0370085008761656,16.7766653378466,0.00852046157926529,0.00693164344350627,2.23403586583597,0.0443,0.0807,0.0616,0.1311,0.2584,0.2948,0.313,0.2372,0.1323,0.583260059356689,20.5167827606201,0,0.44123500585556,0.35970750451088,1.19456684589386,0.755325138568878,0.0856153592467308,0.0473229549825191,0.157616004347801,0.698480069637299,-0.052646990865469,0.409181863069534,-0.0698512196540833,0.437375605106354,1.01938104629517,627150,3694890,1.10807192325592,0,51.220573425293,0,0.0249591115862131,0,0.485525518655777,0,0.483154296875,0,14.8085133979248,1.46629673280182,0.0236780139327913,-0.010392043529674,2.21909036702983
"8",10,26.830082361388,0.0299999984840972,0.626414497430305,0.0128476799334824,49.9999615198004,-6.50719522388316,23.9105620560307,0.000171610818110849,0.00743326711993032,1.67639982269191,0.0424,0.0784,0.0712,0.1405,0.2498,0.2819,0.3118,0.2772,0.1692,0.533040702342987,19.6150226593018,0,0.414802998304367,0.343707501888275,1.11399042606354,0.880264580249786,0.0154697289690375,0.0406051203608513,0.146108195185661,0.668612718582153,-0.0815986171364784,0.404059261083603,-0.0847067683935165,0.419528037309647,0.991417288780212,628810,3692050,0.861801505088806,0,43.3771286010742,0,0.0172946248203516,0,0.416733801364899,0,0.399072378873825,0,13.2951116971975,-1.36670952924162,0.0265182060681811,-0.015614607842998,2.05076741221196
"9",11,28.0501187025673,0.0299999999414581,0.889522179514661,0.0100000032413448,38.3225195366379,0.657479481906677,21.3546921918965,0.0110393682524274,0.00675388996105407,2.46777843859279,0.0431,0.0828,0.0624,0.15,0.312,0.3406,0.3699,0.2608,0.1475,0.640842795372009,21.8132877349854,0,0.530712902545929,0.441464990377426,1.56321203708649,0.655130386352539,0.159533202648163,0.0493679828941822,0.163422971963882,0.743656754493713,-0.0170444417744875,0.470781326293945,-0.0724952518939972,0.512120842933655,1.03263974189758,628790,3691690,1.15431702136993,0,53.8241920471191,0,0.023178668692708,0,0.529206991195679,0,0.548501908779144,0,14.769522546428,2.56617546596129,0.0289445637857677,-0.013894877424523,2.33916321277852
"10",12,33.4407219759102,0.0299999997971173,0.83266060993871,0.0299861770814098,18.9971510576703,-0.527742585170678,17.2015363402673,0.00654340997093208,0.00718536653259617,2.1557935157132,0.044,0.0811,0.0616,0.1331,0.2659,0.2925,0.3207,0.2532,0.143,0.576044082641602,20.3811626434326,0,0.439496099948883,0.359377503395081,1.19042003154755,0.814708113670349,0.0514136888086796,0.0470860414206982,0.156905427575111,0.693503260612488,-0.0671189501881599,0.393274992704391,-0.0700998231768608,0.436049580574036,1.0102162361145,627170,3695010,1.05891394615173,0,49.5558929443359,0,0.0217434167861938,0,0.473306685686111,0,0.477291762828827,0,16.3621864435101,-0.337462776864488,0.0206662212400029,-0.00952523104503626,2.22282354344367
"11",14,24.4894930038764,0.0299791773049543,0.587716191847995,0.0299999993472553,49.6706590093157,-10.8217783214318,16.2037735007556,-0.00574143664080438,0.00806684247769101,0.616081610346182,0.0538,0.0898,0.0823,0.1453,0.2421,0.2682,0.2946,0.2941,0.1756,0.488620579242706,18.3396453857422,0,0.378094226121902,0.305260002613068,0.963883817195892,0.938457250595093,-0.0198442712426186,0.0437591560184956,0.150755614042282,0.625967979431152,-0.0979743525385857,0.337919861078262,-0.0744958594441414,0.382133662700653,0.984800219535828,631810,3690590,0.702045381069183,0,34.8221473693848,0,0.0138810053467751,0,0.351866900920868,0,0.340501070022583,0,17.6980744212638,-1.83770363042909,0.00840510758845232,0.00239981555747741,1.8286579963645
"12",15,28.2301474151649,0.0299999520003394,0.73060329611474,0.0100000007655669,49.9999947570344,-2.79265259794103,19.6964650997879,0.00497764041727159,0.00730512796784899,2.08647160173013,0.0457,0.0842,0.0693,0.1461,0.2876,0.3216,0.3507,0.282,0.1659,0.587149202823639,20.7993545532227,0,0.462214022874832,0.385737508535385,1.29484522342682,0.797954142093658,0.0659225210547447,0.0438985638320446,0.152697533369064,0.708832859992981,-0.0621703006327152,0.429416626691818,-0.0839338824152946,0.459728568792343,1.0057145357132,628930,3692050,0.98083370923996,0,49.7823104858398,0,0.0185144133865833,0,0.47858527302742,0,0.478686690330505,0,15.6663790883462,-0.952231541318582,0.0234754553226181,-0.0121813273679509,2.237671605553
"13",16,32.8918902047373,0.0299999994965417,0.968028660266971,0.0100000212485789,13.9852537507864,3.7302053832958,18.135477597705,0.0122624737513943,0.00665756610884931,2.49498969423157,0.0374,0.0733,0.0492,0.1256,0.2831,0.3193,0.3419,0.2299,0.1235,0.673010051250458,22.4565372467041,0,0.50875997543335,0.421095013618469,1.46325075626373,0.677289009094238,0.138410151004791,0.049682404845953,0.16510808467865,0.764256536960602,-0.0257922634482384,0.44663080573082,-0.0643807724118233,0.493765830993652,1.03205847740173,627110,3694930,1.38035976886749,0,64.6477355957031,0,0.0285348575562239,0,0.553969204425812,0,0.568214654922485,0,16.4076866544084,2.9851742372638,0.0268425953726305,-0.0111670935251794,2.28532497439303
"14",19,30.0840099889342,0.0299999950557296,0.739800031414106,0.0299977634459771,49.9984459973693,-5.04938462032316,21.0266086981315,-2.49625107911697e-06,0.00786897174711716,1.83218442497258,0.0509,0.0887,0.0736,0.155,0.2828,0.3135,0.3465,0.2948,0.1717,0.551873803138733,19.7847671508789,0,0.445604383945465,0.364140003919601,1.19816529750824,0.876247644424438,0.0191388726234436,0.0432779043912888,0.151923283934593,0.673655033111572,-0.083883598446846,0.383415132761002,-0.073530986905098,0.439385026693344,0.981543779373169,628410,3694090,0.874100267887115,0,42.5799713134766,0,0.0161616634577513,0,0.444514095783234,0,0.449917614459991,0,13.6670718112527,-1.1306652157129,0.0136487822679695,-0.00649343297904753,2.24819628230416
"15",21,27.9630881649918,0.0299999993249599,0.760879535262643,0.0299999991036691,49.9999948954421,-4.4895448168596,21.0195227152184,0.00115600116593742,0.00778182772783952,1.91234009948613,0.052,0.0922,0.0778,0.1611,0.291,0.32,0.3505,0.2937,0.1703,0.547982513904572,19.6931629180908,0,0.450956106185913,0.368942499160767,1.21598589420319,0.826656877994537,0.0461036749184132,0.0428758300840855,0.154278680682182,0.67054694890976,-0.0698537603020668,0.400984078645706,-0.0750287026166916,0.443522155284882,0.988106489181519,628470,3694090,0.850314497947693,0,40.4010200500488,0,0.0164514109492302,0,0.443327277898788,0,0.450479507446289,0,13.3377907960981,-0.673544517921087,0.0132399585318477,-0.00607766136402287,2.26730633202002
"16",22,25.8515666663801,0.0299999999809406,0.811757992757909,0.0100000012967306,10.01909739486,-1.37155081426961,20.7298614492955,0.00845316900979311,0.00695990813522329,2.28716439536703,0.0477,0.0854,0.0682,0.1511,0.2878,0.3162,0.3432,0.2588,0.1474,0.56005996465683,20.0021743774414,0,0.453752905130386,0.370395004749298,1.2371666431427,0.762966573238373,0.0854374840855598,0.0468906052410603,0.154481261968613,0.682132422924042,-0.051957119256258,0.427196204662323,-0.0699182599782944,0.447738975286484,1.01523458957672,628790,3691630,1.01130044460297,0,46.3774604797363,0,0.0220243204385042,0,0.4819096326828,0,0.49152484536171,0,13.2763955378589,2.53526199349595,0.0260630049813369,-0.0124313202565626,2.29690530158554
"17",23,25.9589831895049,0.0299986259906023,0.633566944240241,0.0100009627477326,49.9991577830349,-6.0902697353729,21.4562197294514,0.00363924989617757,0.00700231641974422,1.83127460497131,0.0462,0.0813,0.0701,0.1431,0.2571,0.2862,0.3224,0.2781,0.171,0.5450199842453,19.6411724090576,0,0.441682577133179,0.359897494316101,1.18609166145325,0.873123347759247,0.0249786209315062,0.0408743545413017,0.144390016794205,0.669503927230835,-0.0813827738165855,0.434297621250153,-0.0746229887008667,0.436708062887192,0.98912125825882,628750,3692050,0.886924684047699,0,43.8654747009277,0,0.0176092013716698,0,0.428490579128265,0,0.416907370090485,0,12.3093399088752,-0.304099198716958,0.035282786278751,-0.0207211514231551,2.05308759621874
"18",24,26.6842610616275,0.0299999997131774,0.884275795873472,0.0299999997515245,48.9555246930569,-1.5568427023476,19.3642457129744,0.00827727109892763,0.00702491587136417,2.28576055998826,0.0505,0.0904,0.073,0.1544,0.2865,0.3148,0.3409,0.256,0.144,0.539651155471802,19.4693508148193,0,0.453969091176987,0.367334991693497,1.22570967674255,0.740894973278046,0.0971010774374008,0.0487277284264565,0.15836375951767,0.664024233818054,-0.047958854585886,0.427939116954803,-0.0689072981476784,0.445528090000153,1.01732754707336,628770,3691590,0.979513585567474,0,43.9317855834961,0,0.0225053112953901,0,0.473964303731918,0,0.485046476125717,0,12.6709040378944,2.91611256744607,0.0240546752577366,-0.0109564970255728,2.31410337482257
"19",25,26.4797521562847,0.029999930979394,0.843369417568628,0.0100000035433347,11.5098593325671,-0.923096365364302,20.640285396118,0.0102201995476503,0.00674406122994876,2.37439944448211,0.0461,0.0852,0.0673,0.1507,0.2907,0.3227,0.3513,0.2556,0.1455,0.574121057987213,20.3197994232178,0,0.471401244401932,0.385419994592667,1.3040806055069,0.730781078338623,0.10482357442379,0.048074908554554,0.1573286652565,0.692926704883575,-0.0434150397777557,0.437456905841827,-0.0687941685318947,0.46263912320137,1.01747918128967,628770,3691650,1.06925141811371,0,49.2692031860352,0,0.0235702190548182,0,0.500305533409119,0,0.510837376117706,0,12.5671558981777,3.37776994177896,0.0302671161289317,-0.0147048449940083,2.30274766867231
"20",26,32.9488010650885,0.0299865291609904,0.911434357264168,0.0100000036762984,49.9949953755462,2.35839593238223,21.8357332957233,0.0110214348438476,0.00677306584770117,2.4567127757625,0.0359,0.0717,0.0514,0.1286,0.2849,0.3217,0.3492,0.2428,0.1329,0.694355010986328,22.9819717407227,0,0.546582579612732,0.456747502088547,1.63862788677216,0.63145524263382,0.172702521085739,0.0503691360354424,0.16656593978405,0.783341348171234,-0.0197268947958946,0.471693903207779,-0.0695886015892029,0.526706278324127,1.03029191493988,628990,3691970,1.33284628391266,0,64.2941360473633,0,0.0261886976659298,0,0.548424124717712,0,0.559708297252655,0,16.5847089466205,2.75758200337426,0.0270905012499385,-0.0118688858752121,2.31877440931468
"21",27,33.0371988881157,0.029999966950221,0.71639839327833,0.0299999306132082,13.5743822442316,-5.06623012287707,18.7570123240532,-0.00109624190841846,0.00795590123926136,1.72992046657122,0.0504,0.0862,0.0733,0.1409,0.2631,0.296,0.3247,0.2837,0.1647,0.521973192691803,19.0423831939697,0,0.425044417381287,0.345767498016357,1.11917233467102,0.94856458902359,-0.020784892141819,0.0439019836485386,0.151531398296356,0.648804426193237,-0.0986072048544884,0.355868577957153,-0.0701933652162552,0.420322895050049,0.98300963640213,628370,3693750,0.888723731040955,0,45.0262565612793,0,0.0171288624405861,0,0.434668064117432,0,0.429000616073608,0,17.0972617288264,-4.40982215640315,0.00939520491139592,-0.00457422915265531,2.17150740866
"22",29,36.2059923800442,0.0299999977093423,0.932701710794928,0.0299999837155273,23.6963566049817,-0.542648410458913,17.3034554676884,0.00967416396377167,0.00700362416287466,2.42314466941148,0.0507,0.0912,0.0718,0.1565,0.3301,0.3677,0.4015,0.287,0.164,0.610125243663788,21.0718231201172,0,0.519460320472717,0.429692506790161,1.49696958065033,0.739194631576538,0.102934099733829,0.0491783283650875,0.164819121360779,0.718472063541412,-0.033242505043745,0.440461397171021,-0.0737378597259521,0.500537157058716,1.01410210132599,628350,3691770,1.14240825176239,0,56.8525924682617,0,0.0207855384796858,0,0.54573667049408,0,0.563433408737183,0,15.4885074302836,2.07021624598998,0.0269056585947095,-0.0128543946618122,2.39261009579577
"23",31,28.0035633666616,0.0299995050640887,0.901485434568329,0.0299836416779327,49.9999888768061,-1.13471526209443,17.9894419868206,0.0098291488598414,0.00680442251296604,2.3462286066143,0.048,0.0908,0.0708,0.1527,0.2919,0.3222,0.348,0.2566,0.1466,0.549747049808502,19.7050933837891,0,0.461440861225128,0.374000012874603,1.25454926490784,0.742945551872253,0.0965118631720543,0.0486440397799015,0.159214437007904,0.672038614749908,-0.0468017309904099,0.428475320339203,-0.0682136118412018,0.452075928449631,1.01615905761719,628770,3691610,1.01864230632782,0,46.503246307373,0,0.0229748655110598,0,0.488697856664658,0,0.500501036643982,0,12.4206707806087,2.50310293826951,0.0284220837142544,-0.0138713637429524,2.28451986445293
"24",32,34.2031074394722,0.0299999968197327,0.999603476330859,0.0100000053321339,13.4207298525492,3.49738316714215,18.2326597283506,0.0136755126716753,0.00643493220395897,2.54637638145955,0.0362,0.0724,0.0464,0.1238,0.2812,0.3228,0.3493,0.2263,0.1213,0.695428133010864,22.9414825439453,0,0.526536047458649,0.437702506780624,1.53868222236633,0.645489037036896,0.160724654793739,0.051176056265831,0.16484634578228,0.78069680929184,-0.0174577571451664,0.46047654747963,-0.0620909966528416,0.508498072624207,1.03934967517853,627090,3694910,1.48417556285858,0,69.5121459960938,0,0.0305389072746038,0,0.575192928314209,0,0.589487433433533,0,14.71203807637,4.00696198859815,0.0307824894737976,-0.0132819750091046,2.26423504816887
"25",34,31.342757708871,0.0299999989546937,0.702795262843094,0.0299999999698688,13.1885582876398,-6.66626297432882,19.097810261233,-0.00178029656840425,0.0079961973657215,1.51715089652173,0.0541,0.0916,0.0795,0.1569,0.2835,0.3171,0.3444,0.3055,0.1799,0.516995787620544,18.8946571350098,0,0.456876397132874,0.37007999420166,1.2247269153595,0.866064250469208,0.0255790781229734,0.0433699525892735,0.156213715672493,0.643444776535034,-0.0731496140360832,0.392426192760468,-0.0733647793531418,0.444503575563431,0.988132476806641,628650,3694110,0.804266333580017,0,40.8547744750977,0,0.0147091550752521,0,0.427636951208115,0,0.42587274312973,0,15.7415569908492,-3.26748986474465,0.00852068314280111,-0.0026770013769438,2.14971057636193
"26",36,22.0329999885619,0.0299933851459003,0.651736751915183,0.010000096000263,49.9999834198346,-5.94320261402687,22.6097350847512,0.0012592005045886,0.00747622579382219,1.80080596055444,0.0482,0.0884,0.076,0.159,0.2748,0.3002,0.3303,0.2859,0.1734,0.505252361297607,18.8128833770752,0,0.443438708782196,0.360594987869263,1.19236421585083,0.826824009418488,0.049092561006546,0.0431079231202602,0.155918285250664,0.640672743320465,-0.0763057097792625,0.419244945049286,-0.0845716744661331,0.438102006912231,0.980235755443573,628550,3694130,0.800481855869293,1,37.6613845825195,1,0.0163021348416805,1,0.415011167526245,1,0.414024174213409,0,10.0869610279921,0.255268635220396,0.0238142845482758,-0.013731937930597,2.10431925668193
"27",37,36.8681004478649,0.0299999998698968,0.924514024363344,0.029999857777798,49.9986336454485,0.876725538568518,23.2504953898228,0.00991256741396373,0.00678459815444812,2.36305144461506,0.0387,0.0719,0.0571,0.132,0.2772,0.3112,0.3361,0.2457,0.1379,0.635830104351044,21.6716346740723,0,0.477398872375488,0.395522505044937,1.33678472042084,0.720833957195282,0.111251994967461,0.0461716167628765,0.157807692885399,0.7388516664505,-0.0504192337393761,0.432282030582428,-0.0756252259016037,0.469185501337051,1.00402009487152,629170,3691270,1.19389140605927,0,57.827709197998,0,0.024588642641902,0,0.515578508377075,0,0.516239702701569,0,17.3832373707648,1.85796527200732,0.027630586497889,-0.0128310566891714,2.28015950389684
"28",38,35.4420154406099,0.0299999991292007,1.02460973194118,0.0299999877585856,49.9999872100951,1.12907473005809,22.9379584603256,0.0118179440820682,0.00672836929064635,2.5443197088979,0.0424,0.0815,0.0628,0.1499,0.3171,0.3565,0.3866,0.2581,0.1427,0.646487891674042,21.9997730255127,0,0.53342217206955,0.446157485246658,1.57950460910797,0.659680545330048,0.155884221196175,0.0501785390079021,0.165840059518814,0.748365163803101,-0.0258044265210629,0.464065968990326,-0.0793829932808876,0.514912903308868,1.01671838760376,627970,3695030,1.27239692211151,0,60.8903694152832,0,0.0260004960000515,0,0.56325489282608,0,0.583186149597168,0,14.2416080004456,3.90530125465702,0.0290694671302932,-0.0132907979889721,2.39885707652199
"29",40,23.5760341315591,0.0299978705311903,0.544834445037438,0.0100002812610937,49.9999769659702,-9.51685019888266,23.5165843411778,0.00242739877733737,0.00649281876623376,1.50220760281241,0.0454,0.0783,0.0727,0.1391,0.2372,0.2615,0.2882,0.2755,0.1791,0.572373807430267,20.3839740753174,0,0.403183668851852,0.332102507352829,1.06955862045288,0.810975134372711,0.0608665980398655,0.0412447340786457,0.144090384244919,0.693615198135376,-0.0680777132511139,0.429795175790787,-0.084100104868412,0.407254487276077,0.998907327651978,632150,3695750,0.761979043483734,0,37.8989372253418,0,0.0157182514667511,0,0.3712258040905,0,0.34713026881218,0,11.9482389249112,-5.61163930927278,0.0364976558860859,-0.025367672891486,1.66412438520046
"30",42,38.8165215575177,0.0299978300912096,0.956334809656412,0.010000023363154,7.37300494684341,4.58969072408033,12.4277572051949,0.0108447312557151,0.00700045521956649,2.48834425550903,0.0435,0.0772,0.0554,0.1228,0.304,0.3492,0.375,0.2534,0.1362,0.668717801570892,22.0498466491699,0,0.541583001613617,0.443035006523132,1.54614925384521,0.696796655654907,0.125728517770767,0.0541134439408779,0.170163288712502,0.750068664550781,-0.030298076570034,0.434516072273254,-0.0547294393181801,0.51021683216095,1.03376019001007,627030,3695190,1.43789196014404,0,76.3480987548828,0,0.0262245908379555,0,0.58418595790863,0,0.597794592380524,0,21.3429307179081,1.38106360825425,0.0224096990542311,-0.00914949463696047,2.41556760074415
"31",43,36.2032337206521,0.0299999999933722,0.857806964554799,0.0299999963310406,49.9997722724147,-0.479162587372414,21.3429770515711,0.00736748481509039,0.00707256637654057,2.21450695443343,0.0392,0.0743,0.0579,0.1295,0.2621,0.2973,0.3268,0.2503,0.1403,0.634873509407043,21.7697868347168,0,0.471022844314575,0.391645014286041,1.32443714141846,0.70932275056839,0.11384155601263,0.0464265681803226,0.158760547637939,0.742181956768036,-0.0425380021333694,0.426481425762177,-0.0725727528333664,0.466659337282181,1.01881432533264,628890,3691870,1.1547018289566,1,55.3774490356445,1,0.0232439432293177,1,0.498203754425049,1,0.496689528226852,0,15.6733154731262,1.87151595300343,0.02489859337492,-0.0112654229885564,2.27052768523518
"32",47,32.0991939177635,0.0299999999640541,0.75305261233622,0.0299984119123066,49.9999525098158,-3.60430371139385,19.0828181550806,0.00310429349797123,0.00737904708160097,1.92009136119681,0.0459,0.0817,0.0655,0.1395,0.2671,0.2963,0.3209,0.2717,0.1614,0.537461400032043,19.3377933502197,0,0.436100900173187,0.351957499980927,1.15238606929779,0.866365909576416,0.0224509723484516,0.0445259064435959,0.155416458845139,0.658474862575531,-0.0701816156506538,0.394474029541016,-0.0692087560892105,0.428288578987122,1.00259506702423,626950,3694850,0.936959981918335,0,45.8793144226074,0,0.018213914707303,0,0.447369635105133,0,0.442864030599594,0,15.7615769832405,-3.38274003876463,0.0195914747919649,-0.0108702705316105,2.11115071975024
"33",49,33.0210004639575,0.0299999761515858,0.676652584159769,0.0299989233125824,14.2675717744329,-6.68232640143101,18.688926353974,-0.00266442008853773,0.00804857612338759,1.29276408428798,0.0518,0.0837,0.0734,0.1414,0.261,0.2897,0.319,0.2928,0.1687,0.512750744819641,18.8567752838135,0,0.407640635967255,0.331225007772446,1.06029295921326,0.954993844032288,-0.0231461953371763,0.0408365502953529,0.145032078027725,0.642507016658783,-0.1018111333251,0.352557241916656,-0.0762166604399681,0.406041592359543,0.974794745445251,628790,3693970,0.839844048023224,0,42.7259140014648,0,0.0152299189940095,0,0.414705276489258,0,0.409028947353363,0,19.7792715705665,-2.01871398667662,0.00827900987458893,0.000498497753657231,2.11219770061197
"34",51,36.5596183208794,0.0299999996394686,1.03702568981439,0.029999211543201,49.9999861202708,2.04956236271643,22.915783687051,0.0135798709383553,0.00643248204441146,2.58555635715362,0.0401,0.0759,0.0581,0.1392,0.3048,0.3354,0.3699,0.2436,0.1344,0.6478351354599,21.8791275024414,0,0.519278764724731,0.430184990167618,1.49834513664246,0.663930118083954,0.150811702013016,0.0479869805276394,0.162578105926514,0.745900213718414,-0.028372760862112,0.461774110794067,-0.0689303949475288,0.501347541809082,1.01436185836792,629110,3691210,1.32523202896118,0,62.6798629760742,0,0.0277751907706261,0,0.559893131256104,0,0.576597273349762,0,17.0989968801199,3.1201153166883,0.0330348007059937,-0.0156919422537001,2.32111685431114
"35",52,34.0807269414447,0.0299999998879514,1.00542977288782,0.0100001388301739,9.18894109823818,2.89449750260868,18.0579057413019,0.0116217004109347,0.00690818771696041,2.56429032818592,0.0444,0.0813,0.0631,0.1375,0.3221,0.3647,0.3909,0.2538,0.1351,0.659821927547455,22.3014183044434,0,0.540419280529022,0.456582486629486,1.61448895931244,0.643566846847534,0.164525270462036,0.0508654713630676,0.161213278770447,0.759002149105072,-0.0148447640240192,0.462811291217804,-0.0701726526021957,0.521516561508179,1.03397953510284,628790,3694530,1.39074683189392,0,70.9413070678711,0,0.0278322417289019,0,0.587995946407318,0,0.607652604579926,0,19.7814037853778,2.56137267887136,0.0230823855392897,-0.00926818199385718,2.45648658620652
"36",53,25.7980962026308,0.0299999954681431,0.68566351693982,0.0299999975162352,49.9999294585083,-7.38064804275794,20.9226466757764,-0.00160766201048265,0.00788805857882391,1.42406894175631,0.0565,0.0931,0.09,0.1661,0.2834,0.3143,0.3443,0.3069,0.1829,0.494949996471405,18.6732177734375,0,0.426384568214417,0.35122749209404,1.14494967460632,0.863801538944244,0.029738649725914,0.0456195063889027,0.152277231216431,0.635592460632324,-0.0817598700523376,0.401280045509338,-0.0837801918387413,0.425758510828018,0.98805558681488,631270,3695950,0.732709348201752,0,36.7474517822266,0,0.0147316036745906,0,0.403936326503754,0,0.396564066410065,0,14.1327750600318,-2.27118179437165,0.0102255945256189,-0.00555861303409196,2.17137110895368
"37",54,30.6199909271746,0.0299999992090466,0.831507900189332,0.0299999157298843,17.1759140043179,-1.66097886424864,22.4792951134342,0.00949196993636151,0.0064990517003929,2.18621208132556,0.0413,0.0745,0.0608,0.1326,0.2466,0.2761,0.2999,0.2345,0.1351,0.559350907802582,20.0785274505615,0,0.408156424760818,0.334614992141724,1.08543264865875,0.834694027900696,0.0425502248108387,0.0436812900006771,0.145738005638123,0.683603703975677,-0.0763814076781273,0.40481436252594,-0.0735389217734337,0.411068618297577,1.00255358219147,626690,3694890,1.05110001564026,0,47.0263748168945,0,0.0240600723773241,0,0.458725422620773,0,0.448486328125,0,13.1345480466492,3.1119135043042,0.0316035658174258,-0.0156138629460253,2.12788511152338
"38",55,30.1378722438702,0.0299999937939373,0.729380866468439,0.0299999967193463,49.9995286969748,-5.54061999485825,20.9926774790656,-0.00042411117077918,0.00787823411792077,1.75149494424827,0.0521,0.0883,0.0749,0.1561,0.2838,0.3152,0.3459,0.2978,0.175,0.547468781471252,19.647180557251,0,0.445322871208191,0.363277494907379,1.19229590892792,0.883367359638214,0.0149925351142883,0.0433386564254761,0.151533007621765,0.668986558914185,-0.083773210644722,0.382297337055206,-0.0719490647315979,0.438119679689407,0.983879745006561,628390,3694090,0.851499855518341,0,42.0474700927734,0,0.0156657062470913,0,0.439747214317322,0,0.441725075244904,0,14.1448034253063,-2.04530887458858,0.0126770939152108,-0.00632327573157408,2.21654927965277
"39",57,26.7949784703871,0.0299999982679271,0.639578389990893,0.0100000005227252,49.9827946598213,-5.22883075098097,21.702350341375,0.00218598488391433,0.00725252194905434,1.78806636003063,0.0442,0.0774,0.066,0.1364,0.2517,0.2794,0.308,0.2698,0.1635,0.550873279571533,19.7793846130371,0,0.432558298110962,0.352115005254745,1.15536832809448,0.878398597240448,0.0199652425944805,0.0413556881248951,0.146661072969437,0.67419970035553,-0.0850632786750793,0.415631473064423,-0.0737782642245293,0.429362684488297,0.987239181995392,628750,3692030,0.906376242637634,0,44.4222831726074,0,0.0178682263940573,0,0.426297873258591,0,0.41354975104332,0,15.1282122341198,-2.66543293607089,0.0253595047330417,-0.014861268359958,2.04009747551149
"40",58,26.9083297095683,0.0299999996921787,0.714937774832862,0.0100001928769973,49.9999988630879,-2.95640168423452,20.3508381442896,0.00534980659341429,0.00714275044799924,2.05512371044623,0.0446,0.0818,0.0689,0.1426,0.2755,0.3049,0.3323,0.2717,0.1613,0.574183821678162,20.3907070159912,0,0.449500173330307,0.370767503976822,1.23214662075043,0.813375651836395,0.0533112064003944,0.0439922362565994,0.15433169901371,0.695332586765289,-0.0650296360254288,0.410138428211212,-0.0758419185876846,0.446052610874176,1.00315320491791,628870,3691890,0.952531337738037,0,47.3847389221191,0,0.0191143471747637,0,0.459602475166321,0,0.453971415758133,0,16.1309234771599,-1.55047116659007,0.0255296812563202,-0.0138534470325298,2.16618853456006
"41",61,35.5849016272706,0.0299999992372914,0.953156913638999,0.029994155038931,49.9959147955609,1.16668192399423,22.8515877655138,0.0106644306468906,0.00674287793074486,2.41475397884403,0.0402,0.0738,0.059,0.1339,0.2809,0.3145,0.3399,0.2422,0.1342,0.626100897789001,21.5485992431641,0,0.487941443920135,0.406100004911423,1.38808119297028,0.706658720970154,0.122859455645084,0.0471603758633137,0.158949568867683,0.734670698642731,-0.0474947802722454,0.442561149597168,-0.0800540521740913,0.479552835226059,1.0047196149826,629190,3691290,1.2089592218399,0,57.8604354858398,0,0.0258218310773373,0,0.521645724773407,0,0.525037407875061,0,17.3629441450679,2.37324550893834,0.0275751497287869,-0.0124444209379966,2.29816190397482
"42",62,32.0840158468264,0.0299999999727183,0.797562289683702,0.0100000009929957,49.9999747598216,-0.0605168142151413,24.4843594065708,0.00993287084589075,0.00663070595766079,2.31108237286802,0.038,0.0685,0.0551,0.1296,0.269,0.2982,0.3322,0.2503,0.1438,0.639857351779938,21.7313346862793,0,0.476368993520737,0.394382506608963,1.33148717880249,0.749434888362885,0.0929526910185814,0.0441523380577564,0.156438335776329,0.740881204605103,-0.0597945339977741,0.422725141048431,-0.0704559236764908,0.467656016349792,0.99582052230835,629130,3691470,1.17997407913208,1,57.0141181945801,1,0.0231069903820753,1,0.504699110984802,1,0.501753747463226,0,17.6894576230215,1.7115890303158,0.0327748992286399,-0.0165040057131769,2.22939643042283
"43",63,31.8963076689263,0.0299999996783365,1.01189055198944,0.0100071776366471,49.9998748769771,2.85727258927896,20.9566235914934,0.0132158039581439,0.00657214725491885,2.60269601811932,0.0402,0.0768,0.0557,0.1393,0.3203,0.3585,0.3829,0.2466,0.1354,0.674865782260895,22.5525646209717,0,0.55303955078125,0.462287485599518,1.67318749427795,0.636041641235352,0.174156442284584,0.0495208613574505,0.165954947471619,0.768762230873108,-0.0176017452031374,0.472278833389282,-0.071981854736805,0.53039026260376,1.02070260047913,629050,3691310,1.38944184780121,0,67.812126159668,0,0.0278822612017393,0,0.582029283046722,0,0.603456556797028,0,17.2106992814052,2.94109874388804,0.0300063372575231,-0.0138187146569404,2.37293706075322
"44",65,33.3070598208283,0.0299999971293438,0.79136987504136,0.0299999988689328,49.9999949499612,-3.07813129481989,19.6263209661541,0.00191584294509067,0.0077960603731381,1.98468347364127,0.0511,0.0869,0.0724,0.1487,0.2919,0.3271,0.3524,0.2907,0.165,0.575525045394897,20.2321548461914,0,0.460913181304932,0.377252489328384,1.24969053268433,0.830615937709808,0.0435365699231625,0.0441172122955322,0.153734132647514,0.689204633235931,-0.0688779130578041,0.39054673910141,-0.0690583661198616,0.450801163911819,0.995683908462524,628430,3693850,0.945632874965668,0,48.0910415649414,0,0.0172679927200079,0,0.47259709239006,0,0.476840227842331,0,17.5483988296421,-2.68536273150668,0.00845793084871692,-0.00297789463361408,2.30136423381051
"45",66,33.5612049532316,0.0299999995068983,0.905802046350611,0.0299999961003303,10.5565941754116,1.01916402622643,13.6964248277532,0.00952052873734497,0.00689867662509214,2.3120160279164,0.0461,0.085,0.0627,0.133,0.2734,0.3054,0.3297,0.2446,0.1367,0.577915132045746,20.293758392334,0,0.44737309217453,0.362145006656647,1.20146524906158,0.801953554153442,0.0547625124454498,0.0490245744585991,0.163313508033752,0.690917491912842,-0.0630734860897064,0.390542209148407,-0.0695716142654419,0.439844638109207,1.0127317905426,627170,3694870,1.12938868999481,0,52.9470520019531,0,0.0245465878397226,0,0.498844623565674,0,0.505695521831512,0,15.6718383823669,0.933178007938356,0.0246285273816054,-0.0112758526518234,2.24919267003698
"46",67,32.770212297998,0.0299999996466705,1.0291813457143,0.0100000534204709,14.419265298395,2.69404104343041,18.7060908803016,0.0125932995809441,0.00675131142277382,2.60235447834908,0.041,0.0824,0.0552,0.1425,0.3276,0.3666,0.397,0.2521,0.1353,0.67194801568985,22.4210453033447,0,0.564273297786713,0.468980014324188,1.70677697658539,0.676692843437195,0.145050406455994,0.0521583817899227,0.172889232635498,0.763058185577393,-0.0342772044241428,0.45143136382103,-0.0683822780847549,0.535722434520721,1.01302433013916,628150,3694890,1.44141936302185,0,68.5308837890625,0,0.0278675574809313,0,0.597130298614502,0,0.628410696983337,0,14.8480503195641,3.9397749084256,0.0267574582515164,-0.0114867834819028,2.42530297306088
"47",68,29.2539964583248,0.029999999993435,0.697081796025897,0.0299999990353505,49.9999658023335,-6.49558272537442,20.8436336871785,-0.000556388732974856,0.00775533443902839,1.72402999710957,0.0551,0.0921,0.091,0.1622,0.2978,0.3263,0.3553,0.3124,0.1931,0.563091635704041,20.1056327819824,0,0.464022815227509,0.387737512588501,1.28985333442688,0.794435322284698,0.0738416463136673,0.0435346588492393,0.152135923504829,0.684153497219086,-0.0547309294342995,0.426898330450058,-0.0797635316848755,0.455766618251801,0.998884618282318,631750,3695270,0.748142540454865,0,40.2265930175781,0,0.0143540892750025,0,0.422363758087158,0,0.405709713697433,0,20.5220032887856,-7.67806607690566,0.0176352133131512,-0.0115658775157666,2.01915003314329
"48",69,36.7258316359964,0.0299999996294142,0.986664296611266,0.029999904113643,49.9999946776533,1.55538097832061,21.9894190499607,0.011796508509886,0.00665638309741986,2.49616285943029,0.0409,0.076,0.0599,0.1372,0.297,0.3299,0.36,0.2481,0.1377,0.644850134849548,21.8276119232178,0,0.508137345314026,0.420447498559952,1.45762586593628,0.665515661239624,0.14955236017704,0.0465964078903198,0.160667106509209,0.744151771068573,-0.0286363437771797,0.459725439548492,-0.0704887360334396,0.492575734853745,1.01435089111328,629090,3691210,1.25674033164978,0,60.8741683959961,0,0.0260262936353683,0,0.54242616891861,0,0.553279340267181,0,17.8380010034418,2.41628725593516,0.0296819392998141,-0.0138430017313348,2.33088265573793
"49",70,24.6407600750862,0.0299426832625442,0.575304635456677,0.0299999602330437,49.9999826112203,-12.4215056430977,21.3592248511775,-0.00497910697328972,0.00774410930615197,0.429490659209463,0.0523,0.0862,0.0898,0.1622,0.2541,0.2814,0.3197,0.3136,0.1942,0.468575030565262,18.22287940979,0,0.390693873167038,0.323424994945526,1.02876937389374,0.93523782491684,-0.00868853274732828,0.0416726842522621,0.139568015933037,0.620318293571472,-0.102382518351078,0.386163115501404,-0.0929508283734322,0.398553460836411,0.975873529911041,631250,3695910,0.651635885238647,1,33.186882019043,1,0.0127923553809524,1,0.34604674577713,1,0.330817878246307,0,6.55897194211866,2.65238011268312,0.0120406372145768,-0.00876796116516153,1.97767900517653
"50",72,32.7161829957807,0.0299999999095893,0.819866006694797,0.0299999997441834,49.9999661052333,-2.72794707329212,20.2917669023986,0.00476467661195036,0.00743404295950293,2.12320424288192,0.05,0.0865,0.0739,0.1509,0.2916,0.3292,0.3596,0.2835,0.1625,0.544899046421051,19.6362953186035,0,0.481559783220291,0.396555006504059,1.332390666008,0.90392804145813,0.00835400354117155,0.0494559928774834,0.160344257950783,0.668974161148071,-0.0854443535208702,0.384315103292465,-0.072498083114624,0.468319952487946,0.988014280796051,628230,3693690,0.983868896961212,0,49.8602561950684,0,0.0192889254540205,0,0.485713958740234,0,0.487145870923996,0,15.4553522384949,0.852223267485318,0.0204899887302887,-0.00943042674828036,2.34319137443897
"51",73,31.4547850037629,0.0299999998659657,0.906442552544602,0.012695369827627,49.9999591316431,1.05694529587446,23.4695737816742,0.0119777639789152,0.00655207862486214,2.47674410922944,0.0386,0.0738,0.0587,0.1352,0.2848,0.3223,0.3521,0.2439,0.136,0.63169926404953,21.5939846038818,0,0.488599479198456,0.405392497777939,1.38531363010406,0.704516589641571,0.123595923185349,0.0458352416753769,0.158659130334854,0.736212134361267,-0.0442906804382801,0.446001797914505,-0.0759468078613281,0.478124767541885,1.0061821937561,629090,3691290,1.26541781425476,0,61.1006126403809,0,0.0267519503831863,0,0.539446592330933,0,0.543913245201111,0,15.8849859112512,3.22305412699125,0.0319373722975911,-0.0150758090312534,2.2998168602632
"52",74,35.6029914373757,0.0299999988644296,0.756533620618888,0.0299999929007474,49.9999289277286,-3.30840912678007,23.0487461608557,0.00304273782009512,0.00736512203919709,1.92069115132382,0.0391,0.0731,0.0618,0.1289,0.2451,0.2828,0.3112,0.2594,0.1504,0.593910396099091,20.9490528106689,0,0.423189580440521,0.352259993553162,1.14912009239197,0.832736730575562,0.0399291291832924,0.0425954274833202,0.149354577064514,0.714303612709045,-0.0775115713477135,0.398392647504807,-0.0797706544399261,0.427346259355545,0.997552037239075,628950,3691890,1.03564012050629,0,50.9839820861816,0,0.02056266926229,0,0.460770100355148,0,0.444926500320435,0,15.0312840735413,0.577910331598588,0.0239066879439528,-0.011825618106636,2.19707019337795
"53",75,26.2786626629425,0.0299999998344777,0.595523693434135,0.0299999870942019,11.9914515892109,-11.6054193048913,16.1129183391575,-0.00568739020033249,0.00800816405410523,0.641453707017438,0.0568,0.0937,0.0851,0.154,0.2549,0.2853,0.3095,0.3056,0.1874,0.48210197687149,18.1541175842285,0,0.383303105831146,0.30851748585701,0.976718604564667,0.94178581237793,-0.0181202590465546,0.0430158078670502,0.147835358977318,0.619658410549164,-0.0927083641290665,0.356840759515762,-0.0723604708909988,0.385604858398438,0.985707938671112,631730,3690730,0.67549455165863,0,34.2089729309082,0,0.0131718991324306,0,0.359509319067001,0,0.349089115858078,0,15.7238263243229,-4.60885177944029,0.00871969308161057,-0.000655938517312223,1.78011719870285
"54",76,24.8200890003914,0.0299824385242773,0.695191504384598,0.0299999889950191,49.9999949230189,-7.23143175004586,20.1209800307541,0.00117887034545722,0.00739424346974572,1.74743834828312,0.0532,0.0971,0.0866,0.1678,0.2864,0.3156,0.3439,0.301,0.1885,0.46982753276825,18.0960292816162,0,0.442555874586105,0.36370000243187,1.20210933685303,0.857434630393982,0.0370512716472149,0.0425118878483772,0.151085764169693,0.616317272186279,-0.0773063153028488,0.446139097213745,-0.0939337238669395,0.439196556806564,0.978457629680634,628570,3694130,0.732008755207062,0,35.7282524108887,0,0.0150790689513087,0,0.408202886581421,0,0.401515811681747,0,10.3248407755863,-2.82805108914386,0.0283590225444326,-0.0177958748752655,1.9817737662931
"55",77,31.0253669660544,0.0299999991013112,0.971321640423493,0.0129434654795091,49.9881995547357,1.82516049385965,24.4920612185348,0.0125593613584604,0.0066077438495864,2.56492399890667,0.0407,0.0757,0.0595,0.1411,0.304,0.3393,0.3722,0.2456,0.1339,0.642122268676758,21.8384971618652,0,0.517245292663574,0.430429995059967,1.50752592086792,0.66376519203186,0.152162656188011,0.0478057116270065,0.161939308047295,0.744516253471375,-0.0287433471530676,0.464476853609085,-0.0729528665542603,0.501568496227264,1.01601481437683,629090,3691250,1.32386803627014,0,63.0582962036133,0,0.0278649199754,0,0.562354445457458,0,0.577808618545532,0,16.4601664242323,3.6354318772114,0.0299824710534868,-0.0135570979393879,2.36247518109673
"56",79,29.6703141986632,0.0299999999924268,0.777300635322535,0.0299999678943939,40.9248349570059,-3.52651769335713,20.6710131339903,0.00499630303111888,0.00722137205329674,2.05756006042072,0.0487,0.0869,0.0726,0.1536,0.2868,0.31,0.343,0.2803,0.1663,0.563698709011078,20.1496448516846,0,0.455004632472992,0.375572502613068,1.24795162677765,0.779126524925232,0.0763139724731445,0.0431318655610085,0.154126450419426,0.686028122901917,-0.0629144459962845,0.424216061830521,-0.0808316394686699,0.449612677097321,0.991935908794403,628490,3694010,0.898237526416779,0,42.782829284668,0,0.0179201774299145,0,0.450623840093613,0,0.4539934694767,0,14.2309795104209,-0.382188105460344,0.0252037694903708,-0.0135866744074605,2.19458221835344
"57",80,33.2697682520659,0.0299992966764771,0.828288849214566,0.0299999999067095,49.9999096424447,-1.87670073990171,20.4215136789811,0.00430587197768336,0.00758121633775497,2.13629505383505,0.0484,0.0865,0.0695,0.149,0.2955,0.3257,0.3605,0.2849,0.1586,0.583253860473633,20.4319400787354,0,0.471910953521729,0.38697749376297,1.29338335990906,0.796069025993347,0.0633197203278542,0.0459100641310215,0.156014442443848,0.695986092090607,-0.0608984343707561,0.39752459526062,-0.0686615705490112,0.460530400276184,1.00273263454437,628390,3693810,1.01376235485077,0,49.4335632324219,0,0.0186131577938795,0,0.488805145025253,0,0.50248908996582,0,16.276456073203,0.335133709908149,0.0138344606819761,-0.00515561131538258,2.37918382500525
"58",82,33.9316860496724,0.0299999783758214,0.790147812580511,0.0299998410197842,49.9971552167599,-2.70938244247448,20.0822977612808,0.00676027956989395,0.00689037601863193,2.08593762780309,0.0416,0.0779,0.0655,0.1336,0.2588,0.2977,0.3224,0.2592,0.1535,0.591728031635284,20.8945217132568,0,0.445770353078842,0.371470004320145,1.23234713077545,0.822275638580322,0.0481088981032372,0.0435248948633671,0.150571897625923,0.712451219558716,-0.0707142278552055,0.415058046579361,-0.0792806297540665,0.446232914924622,1.00097405910492,628950,3691910,1.02932775020599,0,51.5536422729492,0,0.0213835444301367,0,0.471878707408905,0,0.457637757062912,0,14.9311316578679,0.0518920544681514,0.0308211702950016,-0.0164311681523273,2.16440600676402
"59",83,30.5372045076373,0.0299999999643262,0.731927085763959,0.0299956048811843,49.9999995794624,-5.13202182016179,20.2953889035454,0.00122350678496744,0.00754282313355573,1.81065017708614,0.0463,0.0843,0.07,0.1453,0.2667,0.3016,0.323,0.2786,0.1674,0.546617984771729,19.6595478057861,0,0.443508684635162,0.361122488975525,1.19090259075165,0.849436819553375,0.0341596268117428,0.0427023693919182,0.151127070188522,0.670128226280212,-0.0711870044469833,0.412142217159271,-0.0718510821461678,0.437876224517822,0.996306240558624,628770,3692050,0.879461884498596,0,43.8793258666992,0,0.0174698363989592,0,0.43720880150795,0,0.428917765617371,0,13.7273150508873,-3.21613377881056,0.0189745088561997,-0.0108258587150447,2.09504527917539
"60",84,30.9682071965835,0.0299999914419735,0.771870791393734,0.0299999954681316,49.9999066520388,-3.87825351543668,19.2984126202988,0.00449724016872427,0.00732847923773427,2.048946178853,0.0499,0.0906,0.0766,0.1562,0.2954,0.3248,0.361,0.2934,0.1748,0.560203075408936,20.1040325164795,0,0.469398111104965,0.388362497091293,1.30703210830688,0.823203921318054,0.0531962960958481,0.0432214923202991,0.150338396430016,0.685221135616302,-0.06264828145504,0.44211134314537,-0.0809517055749893,0.462657988071442,1.00252950191498,628910,3692110,0.906195104122162,0,45.2057189941406,0,0.0172178279608488,0,0.464442491531372,0,0.466359108686447,0,14.4045798461298,-0.614720332984188,0.0259453523298489,-0.0139618055753831,2.22200165517929
"61",85,29.5695983590451,0.0299999992871333,0.908379583299979,0.0101136563954296,49.9999927141407,1.45474119622779,24.4294483805752,0.0122732123278977,0.00649715029160721,2.48441025244569,0.0377,0.0729,0.0572,0.1355,0.2843,0.3185,0.3453,0.239,0.133,0.648931503295898,21.9689273834229,0,0.4947110414505,0.410257488489151,1.41271817684174,0.668581128120422,0.147083416581154,0.0465829931199551,0.160244315862656,0.748948454856873,-0.0379553511738777,0.451527118682861,-0.0729256868362427,0.483419448137283,1.01033818721771,629150,3691310,1.25,0,59.0258636474609,0,0.026911873370409,0,0.532618284225464,0,0.538731396198273,0,15.8849507126818,3.22141129664292,0.0315134885374517,-0.0147318568997047,2.28039362977682
"62",86,36.1694807106806,0.0299999635305528,1.01133723974828,0.0299999999824331,37.9614184967378,1.19298764813093,22.9061254203284,0.0106493428059374,0.00692955082253275,2.5114534804104,0.0438,0.0812,0.0613,0.1497,0.3205,0.3587,0.3889,0.264,0.1443,0.673610508441925,22.5139331817627,0,0.536589205265045,0.44777250289917,1.58863139152527,0.647135078907013,0.160848870873451,0.0505597144365311,0.16607865691185,0.767871201038361,-0.0195946712046862,0.455873638391495,-0.0660665184259415,0.518088161945343,1.0268120765686,629790,3690850,1.27077782154083,0,60.8449783325195,0,0.024538716301322,0,0.563054502010345,0,0.586585462093353,0,15.0589951282334,3.62937685741126,0.024621239976608,-0.0104785701164386,2.43982175738459
"63",88,32.7893321693372,0.0299999950757968,0.831945011484208,0.0100073546583539,49.9999997325623,-0.250627281320558,22.4834939122737,0.0107516161718641,0.00660354105414924,2.37690456580832,0.0386,0.0724,0.0573,0.132,0.2742,0.3158,0.3497,0.2529,0.1443,0.679611444473267,22.8270626068115,0,0.509754657745361,0.429452508687973,1.49881267547607,0.672114491462708,0.141521617770195,0.0484159141778946,0.161274254322052,0.778081655502319,-0.0369690917432308,0.453599959611893,-0.0760624706745148,0.50141441822052,1.02074837684631,628970,3691950,1.25092458724976,0,62.0574798583984,0,0.0246772393584251,0,0.532994091510773,0,0.530738115310669,0,14.8585138521004,3.04045644615692,0.034442836475987,-0.0171045119186782,2.27818097022286
"64",89,28.2165422527533,0.0299990586762298,0.902059911983433,0.0100000139671137,49.9999994139325,0.138094378202599,20.2139909723518,0.0123616673057191,0.00653360726643787,2.50428617594254,0.0433,0.0836,0.0638,0.149,0.3072,0.3456,0.3751,0.258,0.1472,0.63499504327774,21.6937675476074,0,0.522851765155792,0.434837490320206,1.52911710739136,0.692949116230011,0.132399022579193,0.0496247820556164,0.163306519389153,0.739598095417023,-0.0300723966211081,0.455812990665436,-0.0750251859426498,0.506083071231842,1.02392816543579,628810,3691670,1.20255672931671,0,57.5572166442871,0,0.0250555016100407,0,0.543119728565216,0,0.558040261268616,0,12.9986217081321,3.46845193030474,0.0344309782620239,-0.0171695258560043,2.32003524405704
"65",90,45.6553419959114,0.0299999999314048,1.08597681300761,0.0299999846828583,12.4679902279719,4.86192355948756,12.8468152009647,0.0117033829907938,0.0069492981824011,2.55426869030037,0.0445,0.0789,0.0571,0.126,0.317,0.361,0.3889,0.2519,0.1332,0.664232850074768,21.9939193725586,0,0.565344095230103,0.463562488555908,1.65051245689392,0.672994375228882,0.144369959831238,0.0558349639177322,0.174683928489685,0.748166382312775,-0.0215454362332821,0.454696953296661,-0.0563898272812366,0.528605103492737,1.03920412063599,626970,3695190,1.49468386173248,0,78.7325286865234,0,0.0278441365808249,0,0.601746380329132,0,0.620780766010284,0,22.0922669358162,1.84284987803577,0.0226309157431653,-0.00900587285584838,2.44906748742223
"66",92,28.0528216700788,0.0299656622557941,0.833562077150577,0.0100014514783552,49.8427055892739,-0.555161856251974,21.3058937645024,0.0139344966235137,0.00591930955133796,2.39256452788338,0.0378,0.0734,0.0549,0.1299,0.2534,0.292,0.3199,0.2311,0.1332,0.636237442493439,21.7232818603516,0,0.4854596555233,0.402692496776581,1.37944436073303,0.703956425189972,0.127165362238884,0.0476396456360817,0.154772892594337,0.739386260509491,-0.0388380624353886,0.451066821813583,-0.0697064623236656,0.475309044122696,1.0251739025116,626690,3694830,1.2177711725235,1,55.2357063293457,1,0.0270217247307301,1,0.507666051387787,1,0.500479757785797,0,11.5063950807922,4.12892121010387,0.0405437460619009,-0.0205764850615537,2.13032224806994
"67",93,25.5665567912608,0.0299999804406241,0.6871482239365,0.0156888469363557,49.9999213983336,-4.28838638972327,19.9004851780763,0.00355760733458051,0.00722725962116473,1.90055206620375,0.0466,0.0823,0.0698,0.1387,0.2525,0.2803,0.3076,0.2617,0.155,0.492738902568817,18.5021553039551,0,0.383419573307037,0.309354990720749,0.983591854572296,0.962627768516541,-0.0306723304092884,0.0440511144697666,0.151381984353065,0.630119740962982,-0.10081373155117,0.353183150291443,-0.0745790228247643,0.387305825948715,0.989393293857574,627150,3694990,0.907273828983307,0,43.2354736328125,0,0.0195091124624014,0,0.427709728479385,0,0.417696863412857,0,14.5337502631197,-1.22102228626586,0.0237424240038091,-0.0129058800959929,2.10898594535226
"68",94,31.5958891388453,0.0299999938559304,0.746553241097942,0.0196950842123765,49.9999228676138,-2.13639846186585,20.4138236328007,0.00338540557613106,0.00742217921043641,1.96899970549593,0.0424,0.0765,0.0634,0.1334,0.2648,0.2976,0.3153,0.2637,0.154,0.591630816459656,20.8126182556152,0,0.439463078975677,0.363737493753433,1.20193958282471,0.813998162746429,0.0508468188345432,0.0441786609590054,0.154536485671997,0.709664344787598,-0.066931463778019,0.397164195775986,-0.0760489851236343,0.439284116029739,1.00325739383698,628870,3691870,0.985452055931091,0,49.2986755371094,0,0.0193683225661516,0,0.46000075340271,0,0.449441760778427,0,18.398163115505,-3.82280004132455,0.0158913180352504,-0.00818452487809683,2.14348136586565
"69",96,33.4227126522621,0.0299999998433893,0.774232573266241,0.0298483751653674,49.9998110769696,-3.12886461557634,23.5835429553671,0.00247271460959462,0.00753820150442862,1.94213437163849,0.0413,0.0763,0.0641,0.1367,0.2584,0.294,0.3187,0.2648,0.1522,0.58856201171875,20.7858943939209,0,0.441112250089645,0.365640014410019,1.21293127536774,0.784634530544281,0.0686884373426437,0.0440058149397373,0.154387772083282,0.708755791187286,-0.0597106926143169,0.408391177654266,-0.0762373358011246,0.441461443901062,1.00705933570862,628890,3691850,0.991979837417603,0,48.5876960754395,0,0.0197905842214823,0,0.458215892314911,0,0.450478613376617,0,14.8729581249737,0.176086504708245,0.0185823086767184,-0.00867925655583075,2.23453998626904
"70",97,24.9965116481426,0.0299999999459118,0.760607205678656,0.0100000004542068,49.9988872157538,-2.7260393573949,22.7516544999051,0.00802739718685128,0.0068358037284645,2.21372199320211,0.0441,0.0857,0.0754,0.1568,0.2906,0.3281,0.3549,0.275,0.1644,0.533708035945892,19.760570526123,0,0.45850020647049,0.383419990539551,1.29153382778168,0.77290153503418,0.0814333409070969,0.0463110730051994,0.155583277344704,0.673919320106506,-0.0516482666134834,0.444765627384186,-0.0942819267511368,0.459844142198563,1.01143968105316,628990,3691830,0.94712096452713,0,46.956916809082,0,0.0203539375215769,0,0.477250397205353,0,0.471724599599838,0,11.7640082511317,2.39388338258226,0.0345222707970924,-0.0185289356672198,2.23217467077606
"71",98,35.849634777467,0.0299999994427556,0.796507796560718,0.0299999954777527,49.9097857273317,-2.07646907888283,23.4779876836199,0.00665440952441355,0.00696735438203449,2.12458561908685,0.0393,0.074,0.0633,0.1344,0.2653,0.2955,0.3298,0.2634,0.1542,0.620795488357544,21.6018619537354,0,0.455069780349731,0.381987512111664,1.27985143661499,0.783032238483429,0.0720884948968887,0.0437767021358013,0.151002466678619,0.736474573612213,-0.0652415677905083,0.43031507730484,-0.0812915563583374,0.456096172332764,1.00435781478882,628950,3691950,1.05035889148712,0,52.0718574523926,0,0.0206773653626442,0,0.475860029459,0,0.467314034700394,0,16.7528193919518,0.624958913291508,0.0301039417267837,-0.0157051267667759,2.2102490355456
"72",99,28.228160923143,0.0299999997970657,0.860592376225644,0.0100361331788069,49.9999991749909,0.617472332570348,23.6434625294624,0.012061954346536,0.00644249065437275,2.43523689120144,0.0395,0.074,0.0595,0.1358,0.2769,0.3056,0.3371,0.2407,0.1357,0.627065122127533,21.5512142181396,0,0.483230203390121,0.401427507400513,1.36739063262939,0.6862713098526,0.134789496660233,0.0456050783395767,0.158115595579147,0.734761476516724,-0.0410407148301601,0.44855734705925,-0.0750018134713173,0.475336939096451,1.00766289234161,629110,3691310,1.18336987495422,1,55.1376762390137,1,0.0257984288036823,1,0.512062430381775,1,0.514584004878998,0,16.006306109909,2.95718199787763,0.0332802097385272,-0.0161576079414105,2.24340067896504
"73",100,25.595893633921,0.0299999998234017,0.659955326021549,0.0299999997435605,49.9450452449909,-7.23403619936661,23.5864419813581,-0.00100468148640875,0.00759093740481726,1.37353216757982,0.0464,0.0806,0.0757,0.1456,0.2462,0.2685,0.2948,0.2725,0.1632,0.515134751796722,19.1574573516846,0,0.397314578294754,0.323942512273788,1.04710674285889,0.884767055511475,0.0161268971860409,0.0447430424392223,0.146237090229988,0.652018308639526,-0.0889029502868652,0.376681268215179,-0.0930453389883041,0.402564108371735,0.995394229888916,631490,3695670,0.775672078132629,0,36.7316284179688,0,0.0165843795984983,0,0.378853052854538,0,0.366333782672882,0,12.5377888265529,-1.0733227166461,0.0127913783532749,-0.00780343152400609,2.02678979873608
"74",102,28.271865808128,0.0299999998002157,0.646722862262772,0.0299999999938333,45.2788994259328,-7.50443556750947,18.3115744854551,-0.00309288012912637,0.00791219283072623,1.19428461550748,0.0498,0.0837,0.0725,0.1404,0.2492,0.274,0.2963,0.2812,0.1677,0.563413023948669,19.9076499938965,0,0.408118486404419,0.330687493085861,1.0647714138031,0.877020716667175,0.0151098882779479,0.0436795502901077,0.153422817587852,0.679298281669617,-0.0796433985233307,0.359423398971558,-0.0665351524949074,0.406985849142075,0.994447708129883,631810,3690610,0.787951469421387,0,38.5196990966797,0,0.0153610510751605,0,0.387299060821533,0,0.376753628253937,0,17.9381004257882,-4.52216091930457,0.00863390269132125,-0.0014284034007716,1.90693691361045
"75",103,30.4793702431734,0.0299999997921721,0.875029581742373,0.0100000005336009,13.0584152831208,0.505708576545235,20.3329393635083,0.0123949405031709,0.00642184893900718,2.45111671470321,0.042,0.0772,0.0628,0.1359,0.2835,0.3192,0.3461,0.2446,0.1393,0.613898992538452,21.1992053985596,0,0.480378538370132,0.397794991731644,1.34829294681549,0.750625252723694,0.0946972742676735,0.0462225414812565,0.158220022916794,0.722801268100739,-0.0527307540178299,0.431684374809265,-0.0785254687070847,0.471187561750412,1.0016450881958,629150,3691250,1.19349086284637,0,58.1733818054199,0,0.0260996576398611,0,0.523622393608093,0,0.523276150226593,0,16.6195717919124,2.19791018707042,0.0342761953435176,-0.0170739101699941,2.2566223744548
"76",104,31.3224806436064,0.0299999997969801,0.747540776733919,0.0299999999754664,49.9999988232076,-4.56739535285422,20.8322023845771,0.000910065093695241,0.00776861758250624,1.87935058636392,0.0509,0.0862,0.0719,0.151,0.2813,0.311,0.3446,0.2907,0.1691,0.567076623439789,20.1025619506836,0,0.469229102134705,0.383309990167618,1.2838499546051,0.826356709003448,0.0466426648199558,0.0455957464873791,0.158840462565422,0.684436798095703,-0.0719198659062386,0.398426979780197,-0.0715287625789642,0.458329111337662,0.98955625295639,628730,3694230,0.90095591545105,0,44.3548202514648,0,0.0167034231126308,0,0.450140625238419,0,0.453710705041885,0,14.9739093778501,-1.22424256521441,0.0153187708504211,-0.0074011649265607,2.25168234759705
"77",105,33.1625613694177,0.0299999844623471,0.937846584523593,0.0299999665461659,26.2310890157876,0.964690709884387,20.296380456686,0.0165966980064131,0.00563348221668921,2.52748455767206,0.0406,0.0748,0.0566,0.132,0.2704,0.2893,0.3264,0.2291,0.1315,0.592103838920593,20.8006649017334,0,0.450818687677383,0.371984988451004,1.25667977333069,0.746793687343597,0.105894818902016,0.0483004674315453,0.154068797826767,0.708088159561157,-0.0565960183739662,0.43651020526886,-0.0767282545566559,0.446786731481552,1.01498258113861,626690,3694790,1.20272386074066,1,53.1399116516113,1,0.0269829798489809,1,0.504523813724518,1,0.508876979351044,0,15.8057393700046,2.71916345562549,0.0428091116753872,-0.0222271778670794,2.1065474060555
"78",106,35.4300228643336,0.0299999998250379,0.837788255136282,0.0299999146292249,23.6547290852427,-1.85250001381669,21.2176501742974,0.00413379319399097,0.00760462830417073,2.13691261929227,0.051,0.085,0.0729,0.1506,0.3047,0.3371,0.3678,0.2917,0.1638,0.580876469612122,20.4142322540283,0,0.483392745256424,0.398669987916946,1.34112596511841,0.781100869178772,0.0740189850330353,0.047144778072834,0.156557559967041,0.69538426399231,-0.0543438978493214,0.410100221633911,-0.0696840435266495,0.47043776512146,1.00724279880524,628310,3693770,0.996285438537598,0,50.7390251159668,0,0.0179155524820089,0,0.492891877889633,0,0.499858409166336,0,19.3244025824002,-1.03610842651863,0.0124117195655413,-0.00461122783295579,2.38053530719958
"79",107,29.1847984862881,0.0299999995462367,0.720040047102041,0.0299999991158099,49.9999996353529,-5.65977864729489,20.4664381045459,-0.00103413272965339,0.00795616475512414,1.61916522574883,0.0523,0.088,0.0778,0.1519,0.2752,0.3071,0.3332,0.2923,0.1688,0.510629534721375,18.8116245269775,0,0.435894757509232,0.353737503290176,1.15383565425873,0.884941041469574,0.0124808140099049,0.0447399020195007,0.154075637459755,0.640629470348358,-0.0813539400696754,0.377801537513733,-0.0736817568540573,0.429156839847565,0.987907648086548,628670,3694250,0.83172082901001,0,41.5860977172852,0,0.0161021407693624,0,0.427479714155197,0,0.425156086683273,0,16.3582402070719,-2.11985906716461,0.00841442063074642,-0.00228544429805022,2.20446737971478
"80",108,30.6433976708004,0.0299999984918962,0.72071443572823,0.0299999964793812,49.9999961454182,-5.74412358922746,20.553262917315,-0.000553237185459479,0.00786852869426604,1.74886735075991,0.0511,0.0878,0.0739,0.1526,0.2775,0.3112,0.3441,0.2961,0.1744,0.557527899742126,19.9270191192627,0,0.460736960172653,0.375902503728867,1.25525510311127,0.855999290943146,0.0313190221786499,0.044987965375185,0.155834838747978,0.67848140001297,-0.0824954137206078,0.396359622478485,-0.074511431157589,0.45211187005043,0.97888320684433,628730,3694190,0.869502246379852,0,43.5119323730469,0,0.01603520847857,0,0.441752880811691,0,0.442181557416916,0,13.751109367859,-1.55931280850951,0.0154240115617949,-0.00784657284337797,2.21798100057376
"81",109,30.8060388117659,0.029999999765928,0.843015086861743,0.0299828561250016,49.9999980616191,-2.1075989424426,23.5045242549348,0.00742915523219124,0.00700879458629631,2.23067371409704,0.0458,0.0846,0.0728,0.1584,0.3001,0.3319,0.3603,0.2784,0.1642,0.574333846569061,20.7006969451904,0,0.46480318903923,0.39121749997139,1.32543933391571,0.709082841873169,0.119780167937279,0.0457199066877365,0.154778659343719,0.705863356590271,-0.0379701815545559,0.456657499074936,-0.0902437269687653,0.466460406780243,1.02162539958954,628970,3691830,0.959242105484009,0,46.4958152770996,0,0.0195141416043043,0,0.481966018676758,0,0.483932077884674,0,13.2334738872648,2.02113085185862,0.029610355124834,-0.0153558952825558,2.27591869351211
"82",110,35.1224926692703,0.0299999989078323,0.78001232960948,0.0299999851391414,46.5763180338664,-3.45684534229341,20.313794935154,0.00588210822013461,0.00706173607393567,2.07731021767455,0.0443,0.0809,0.0676,0.1411,0.2728,0.3097,0.3454,0.277,0.1646,0.594727694988251,20.9781551361084,0,0.466419965028763,0.390244990587234,1.31862556934357,0.789766430854797,0.0704298838973045,0.0449393689632416,0.153396874666214,0.715286374092102,-0.0619874820113182,0.42595762014389,-0.0810962915420532,0.46348112821579,1.00469946861267,628890,3691930,1.01634252071381,0,51.8109436035156,0,0.0194799862802029,0,0.479744285345078,0,0.473113209009171,0,14.2349995520447,0.765540178633312,0.0321670948647929,-0.0172566080026278,2.21722253728303
"83",111,24.5038303399587,0.0299999759153895,0.733388468782473,0.0299999006521793,49.9999982358111,-5.50957641467713,20.6523840498376,0.000430272409316736,0.00775751775870248,1.82736593977662,0.054,0.0961,0.0881,0.1648,0.2868,0.3154,0.34,0.2921,0.1737,0.509387493133545,19.1490421295166,0,0.41658279299736,0.343764990568161,1.12073504924774,0.83430290222168,0.0418429858982563,0.0443525090813637,0.153163582086563,0.651743769645691,-0.075044646859169,0.404138207435608,-0.0919758602976799,0.421288013458252,0.993593692779541,631450,3695670,0.759258925914764,0,36.712474822998,0,0.0163825117051601,0,0.414983451366425,0,0.411038279533386,0,13.7873096351467,-2.51143752042424,0.0138267370737674,-0.00753252471289484,2.16040630418188
"84",113,32.0770426225956,0.0299999980475499,0.793449672782739,0.010000078882016,19.1554869742212,0.233365129651318,19.5972134453911,0.00924987348880177,0.00671386992077576,2.24112528175251,0.0383,0.0716,0.0534,0.1239,0.2554,0.2896,0.3159,0.2413,0.1375,0.635577797889709,21.6197624206543,0,0.466218829154968,0.383619993925095,1.28584349155426,0.773317754268646,0.0758918598294258,0.0467785336077213,0.157141819596291,0.735889077186584,-0.0551323816180229,0.421113669872284,-0.0648736134171486,0.458312839269638,1.01182079315186,627050,3694890,1.18877732753754,0,56.292293548584,0,0.0239709559828043,0,0.498149961233139,0,0.492927700281143,0,15.8897327064499,1.32173113440858,0.0294813446047031,-0.0142865809448199,2.18526652901086
"85",114,35.6211613306076,0.029999996962203,0.841956495894731,0.0299999983275183,49.9999242353623,-1.07530506573301,18.7389945577624,0.00507705498836746,0.00751696724110656,2.17987014034865,0.05,0.086,0.0705,0.1476,0.309,0.338,0.3683,0.2901,0.1638,0.58532303571701,20.4890308380127,0,0.486087381839752,0.400665014982224,1.34916341304779,0.7957563996315,0.0649201348423958,0.0468926578760147,0.15549448132515,0.697923183441162,-0.0578248389065266,0.406944781541824,-0.0677867159247398,0.472103953361511,1.00512504577637,628290,3693750,1.01981639862061,0,51.7066040039062,0,0.0178896207362413,0,0.498715728521347,0,0.508766889572144,0,20.4025754408828,-2.27928736337095,0.0123813290902243,-0.00496427154983066,2.34406938311276
"86",116,26.9677702349217,0.0299999849777505,0.620083834290182,0.0299999683577062,49.5711759539959,-10.0407526762088,18.1550507698019,-0.00373306355196024,0.00782262352837472,1.03243262442141,0.0542,0.0918,0.0863,0.1555,0.2695,0.2976,0.3242,0.3093,0.1933,0.464346408843994,17.8537273406982,0,0.411665916442871,0.334637492895126,1.07797288894653,0.939264476299286,-0.00876614823937416,0.0397218018770218,0.146917909383774,0.608100354671478,-0.0938058793544769,0.403397530317307,-0.0868216529488564,0.410376489162445,0.972178637981415,628630,3694130,0.693856835365295,0,36.4660301208496,0,0.0132878543809056,0,0.380117684602737,0,0.365772128105164,0,17.3730703820436,-10.2162314796666,0.00918752813079529,-0.00667407928980925,1.78657953081934
"87",117,30.4598450261332,0.0299995788227958,0.66349153717752,0.0299999951191465,12.5573643852505,-8.02462320060303,17.6409807430407,-0.00326255430410582,0.00804731794167827,1.20920153471815,0.0561,0.0908,0.0821,0.1525,0.2739,0.3034,0.3295,0.3056,0.1816,0.490022867918015,18.264102935791,0,0.424791306257248,0.342065006494522,1.10526823997498,0.938382267951965,-0.0159148629754782,0.0432576760649681,0.152648150920868,0.622043132781982,-0.0954549908638,0.35839432477951,-0.0717491954565048,0.417547166347504,0.97845858335495,628650,3694190,0.756979286670685,1,39.070728302002,1,0.0140130175277591,1,0.403097689151764,1,0.396161615848541,0,19.3703773229817,-3.83350316895262,0.00845244375854938,-8.55386724032785e-05,2.00281715767138
"88",118,30.4883440590986,0.0299801789164694,0.755377329299432,0.0100000013011607,49.9999991890257,-1.81272424325848,19.3836544148031,0.00603119001283409,0.00716427753482271,2.1276726178685,0.0417,0.079,0.0612,0.1371,0.2773,0.3163,0.3398,0.2693,0.1575,0.629995822906494,21.5823593139648,0,0.48297655582428,0.400454998016357,1.36101603507996,0.754215002059937,0.0914331749081612,0.0438449308276176,0.155242055654526,0.735417008399963,-0.0520462840795517,0.440212041139603,-0.0742631107568741,0.474066108465195,1.00986397266388,628890,3692130,1.06489944458008,0,53.8789672851562,0,0.0200660526752472,0,0.491841912269592,0,0.49017933011055,0,15.0524773900113,-0.438708844523362,0.0247805837135092,-0.0126549267364803,2.22942069628931
"89",119,30.6541926750205,0.0299999999929769,0.714596083739654,0.0299999846196811,20.5034324440505,-5.80351117719213,19.921050641933,-0.00125053667190531,0.00798780445702434,1.60127872534473,0.053,0.0895,0.0799,0.1524,0.2776,0.3089,0.3378,0.297,0.1715,0.507428348064423,18.7343597412109,0,0.439611941576004,0.357177495956421,1.1653653383255,0.876119434833527,0.017366923391819,0.0451628342270851,0.154743030667305,0.638006031513214,-0.0797635242342949,0.378653973340988,-0.0738060548901558,0.431914538145065,0.988561987876892,628670,3694230,0.825003027915955,0,41.775390625,0,0.0157467797398567,0,0.427335858345032,0,0.425029784440994,0,17.1860185433071,-2.30454182092788,0.00839073947544969,-0.00197144523309763,2.20568550867476
"90",120,26.9881478071778,0.0297521394211343,0.790780222812746,0.029999996803879,49.9999871932478,-3.84888843376072,23.0182085653817,0.00407528968208282,0.0073670367564158,2.03941583857127,0.0487,0.0883,0.0746,0.1612,0.2822,0.3143,0.3462,0.279,0.1627,0.528235673904419,19.2541656494141,0,0.467179417610168,0.378467500209808,1.27242362499237,0.814005732536316,0.0554455183446407,0.0457692295312881,0.161226630210876,0.655649542808533,-0.0748336687684059,0.413549482822418,-0.0754104852676392,0.455846011638641,0.981840550899506,628550,3694070,0.892940580844879,0,41.3370933532715,0,0.018702607601881,0,0.451389640569687,0,0.456519246101379,0,9.67494828981287,3.97145920845965,0.0250317573590777,-0.012375557935107,2.29428077792908
"91",121,36.930939506456,0.0299936992350051,0.878964673703107,0.02999987216653,49.9996333079213,0.416091274076884,22.3844700565408,0.00655560770601983,0.00724213886920452,2.18966174183143,0.0375,0.0707,0.0545,0.1244,0.2538,0.293,0.3136,0.2405,0.1315,0.660427391529083,22.1240348815918,0,0.469887167215347,0.38798001408577,1.30612206459045,0.709076285362244,0.115573272109032,0.04521494358778,0.155276566743851,0.754208087921143,-0.0538479574024677,0.422516345977783,-0.0648640692234039,0.461851686239243,1.00488448143005,628430,3691290,1.18783056735992,0,56.4424934387207,0,0.0243055503815413,0,0.49972128868103,0,0.494865089654922,0,16.2118215509071,1.84720940985969,0.0199818060205895,-0.00766959165277437,2.26501351214657
"92",122,34.3055039038044,0.0299999996372008,0.931537256347882,0.0299997724366775,49.9999993499684,0.126973653133984,22.2119332856331,0.00895031114249058,0.00708489728884518,2.40229307621853,0.0447,0.0839,0.067,0.1501,0.3087,0.3408,0.3771,0.2708,0.1496,0.636901259422302,21.7389621734619,0,0.528996765613556,0.439379990100861,1.54880821704865,0.683399021625519,0.138783410191536,0.0505491271615028,0.166892260313034,0.739928960800171,-0.0334492102265358,0.450775325298309,-0.0752333924174309,0.510110080242157,1.01360666751862,627950,3694970,1.14847004413605,0,55.1329307556152,0,0.0224380809813738,0,0.530415236949921,0,0.547979116439819,0,15.5956688575433,2.91222667832525,0.0232964645713049,-0.0100267118674914,2.4171222650926
"93",123,35.1027703829935,0.0299999996294181,1.07081988169385,0.0236497007161901,49.9999980773327,2.5404150386412,21.4425114229103,0.0136785934902311,0.00649855504268311,2.62571045076977,0.0417,0.0795,0.0607,0.1451,0.3291,0.3667,0.39,0.2492,0.1383,0.638384342193604,21.7993831634521,0,0.545050024986267,0.456725001335144,1.64313817024231,0.660538196563721,0.159878253936768,0.0483292117714882,0.161001846194267,0.743177711963654,-0.0183905102312565,0.487587064504623,-0.0797563344240189,0.524161875247955,1.02015030384064,629050,3691290,1.34865176677704,0,65.8390274047852,0,0.0279427357017994,0,0.580767154693604,0,0.601271867752075,0,17.423759379467,2.81050573429128,0.0317733925307931,-0.015118979804962,2.3710845287306
"94",124,31.2759815170281,0.029999992362776,0.627167801829885,0.0299999412964534,49.9973053701113,-8.61610689867651,22.3587506938522,-0.000954464981140445,0.00727829354734344,1.47551248634455,0.0443,0.0815,0.0752,0.1434,0.2585,0.285,0.3133,0.294,0.1886,0.459729880094528,17.7813453674316,0,0.399979829788208,0.327484995126724,1.04222130775452,1.02599692344666,-0.0520677976310253,0.0384412780404091,0.146859958767891,0.605632722377777,-0.098198838531971,0.407008826732635,-0.0874687880277634,0.401221573352814,0.982151389122009,626910,3694890,0.771842241287231,0,40.7898368835449,0,0.014454941265285,0,0.395484983921051,0,0.374751061201096,0,16.4365598588444,-9.98873004090482,0.0260361783173708,-0.0190096271785675,1.72408081340779
"95",125,31.3219131972411,0.0299999999981002,0.921043300450595,0.0100000006754063,22.9239974241392,1.69598798790781,19.7315707668823,0.0129179836179195,0.00649841034558148,2.5283354907055,0.0401,0.0774,0.0539,0.1364,0.2972,0.3254,0.3626,0.2465,0.137,0.674081444740295,22.4746170043945,0,0.548157453536987,0.453997492790222,1.62993192672729,0.655655205249786,0.156399562954903,0.0507599376142025,0.167258813977242,0.766117334365845,-0.0232527013868093,0.466073453426361,-0.0677421092987061,0.525184452533722,1.02862370014191,628990,3691930,1.30862307548523,0,60.7760467529297,0,0.0261015333235264,0,0.549336433410645,0,0.569849133491516,0,15.3413993249497,3.09450019834734,0.0328386149155564,-0.0157567596418559,2.29955389205733
"96",126,27.9621752516114,0.0299242693901289,0.67488124275009,0.0299999999599746,49.9999946418418,-7.47660141238037,21.9185735816115,-0.00131853429261762,0.0077034010696308,1.4204922673721,0.0478,0.0854,0.0796,0.1521,0.2641,0.296,0.3222,0.2914,0.1768,0.496532797813416,18.8205223083496,0,0.405315428972244,0.334897488355637,1.07905626296997,0.898575365543365,0.00694680726155639,0.0405770763754845,0.14587028324604,0.641623914241791,-0.083701066672802,0.396959871053696,-0.0859302505850792,0.411304235458374,0.991826176643372,628850,3692030,0.778228640556335,0,39.5483894348145,0,0.0156762581318617,0,0.404130071401596,0,0.391401439905167,0,13.6970905786837,-3.43101513340011,0.0151508504535543,-0.00927786678497739,2.05835163915042
